databraryID,study,sex,age,event1,friend1,nonfriend1,helper1,choose_friend1,choice_action1,story1,specific 1,type_help1,qualStory1,event2,friend2,nonfriend2,helper2,choose_friend2,choice_action2,story2,specific 2,type_help2,qualstory2,event3,friend3,nonfriend3,helper3,choose_friend3,choice_action3,story3,specific 3,type_help3,qualStory3,event4,friend4,nonfriend4,helper4,choose_friend4,choice_action4,story4,specific 4,type_help4,qualStory4,event5,friend5,nonfriend5,helper5,choose_friend5,choice_action5,story5,specific 5,type_help5,qualStory5,event6,friend6,nonfriend6,helper6,choose_friend6,choice_action6,story6,specific 6,type_help6,qualStory6,Notes 
FLIP5_01,1,f,5,tree,frog,walrus,frog,f,move,verbal,not,goal,bandaid ,bars,alligator ,turtle,alligator,f,move,verbal,not,goal,put back on monkeybars,slide,snail ,turtle,snail,f,move,verbal,not,goal,put back on slide,sand,cow,lamb,cow,f,move,verbal,not,goal,building sandcastle,rock,horse,chicken,chicken,n ,move,verbal,not,goal,play tag,sting,horse ,pig,pig,n,move,verbal,not,goal,bandaid ,
FLIP5_02,1,f,5,slide,walrus,frog,frog,n,move,verbal,not,none,"""making her feel better""",rock,turtle,alligator,turtle,f,move,verbal,not,none,"""making her feel better""",tree,turtle,snail,snail,n,move,verbal,not,none,"""making her feel better"" ",sting,lamb,cow,cow,n,move,verbal,not,none,"""making her feel better""",bars,chicken,pelican,chicken,f,move,verbal,not,none,"""making her feel better""",sand,pig,horse,horse,n,move,verbal,not,none ,"""making her feel better""",
FLIP5_03,1,f,5,tree,snail,turtle,snail,f,act,verbal,not,comfort,"hold hand and say ""its okay""",slide,walrus,frog,walrus,f,act,verbal,not,comfort,"verbally comforts, piggy back, says ""I hope you feel better""",bars,pelican,chicken,pelican,f,act,verbal,not,goal,"verbally comforting ""its okay""",rock,turtle,alligator,turtle,f,act,verbal,not,goal,Tells how not to stub toe in future,sand,pig,horse,pig,f,act,verbal,not,comfort,"""I hope you feel better soon""",sting,cow,lamb,cow,f,act,verbal,not,comfort,"""I always get hurt when I get milked too""",
FLIP5_04,1,m,5,sting,horse,pig,horse,f,move,no,not,none,not applicable,rock,pelican,chicken,pelican,f,move,no,not,none,not applicable ,sand,lamb,cow,lamb,f,move,verbal,not,comfort,"""making Hootie feel better""",slide,frog,snail,frog,f,move,verbal,not,comfort,"""making them feel better""",bars,turtle,alligator,turtle,f,move,verbal,not,comfort,"""making them feel better""",tree,frog,walrus,frog,f,move,verbal,not,comfort,"""making him feel better""",
FLIP5_06,1,f,5,slide,snail,turtle,turtle,n,move,verbal,not,goal,bandaid and drink of water for hurt character,tree,frog,walrus,walrus,n,move,verbal,not,goal,"Goes to get bandaid, cream, and water",rock,chicken,pelican,pelican,n,act,verbal,not,goal,Pelican will fly and stop her from tripping and get a bandaid,bars,alligator,turtle,alligator,f,move,verbal,not,goal,bandaid,sting,horse,pig,horse,f,act,verbal,not,goal,gets bandaid and water,sand,lamb,cow,lamb,f,move,verbal,not,goal,getting water and bandaid,Recognized that the animals who jumped up and down were friends and said that's why she chose them but remembered which animal it was incorrectly. 
FLIP5_07,1,m,5,slide,walrus,frog,frog,n,move,verbal,not,goal,helps put back on slide,rock,turtle,alligator,turtle,f,move,verbal,not,goal,Stood the hurt character back up ,tree,turtle,snail,turtle,f,move,verbal,not ,goal,Stands the hurt animal back up,sting,lamb,cow,cow,n,move,verbal,not,goal,bandaid and stands back up,bars,chicken,pelican,chicken,f,move,verbal,not,goal,bandaid ,sand,pig,horse,pig,f,move,verbal,not,goal,stands the hurt character back up,
FLIP5_08,1,f,5,sand,cow,lamb,lamb,n,move,verbal,not,goal,bandaid,sting,pig,horse,pig,f,move,verbal,not,comfort,Big hug,bars,alligator ,turtle,turtle,n,move,verbal,not,comfort,Gives a kiss and bandaid,rock,chicken,pelican,chicken,f,move,verbal,not,comfort,Hugs and helps back up,tree,walrus,frog,walrus,f,move,verbal,not,comfort,Hugs and makes silly faces to try to make her feel better,slide,turtle,snail,turtle,f,move,verbal,not,comfort,asks if hurt character is okay,
FLIP5_09,1,f,5,rock,turtle,alligator,turtle,f,move,verbal,not,goal,takes hurt character to nurse,sting,lamb,cow,lamb,f,move,verbal,not ,goal,Gets icepack,slide,frog,walrus,frog,f,move,verbal,not,goal,Getting icepack,sand,horse,pig,pig,n,move,verbal,not,goal,Bring home for shower and get bandaid ,tree,snail,turtle,turtle,n,move,verbal,not,goal,Give ice ,bars,chicken,pelican,chicken,f,move,verbal,not,goal,Ice,
FLIP5_10,1,f,5,sand,lamb,cow,lamb,f,move,verbal,not,none,"""shes helping""",sting,horse,pig,horse,f,move,verbal,not,none,"""shes helping""",bars,turtle,alligator,alligator,n,move,verbal,not,goal,Helping eachother cross monkey bars,rock,pelican,chicken,chicken,n,move,no,not,none,no story told,tree,frog,walrus,walrus,n,move,verbal,not,goal,Helping up and climbing tree together,slide,snail,turtle,turtle,n,move,verbal,not,goal,Going up slide together,
FLIP5_11,1,f,5,rock,pelican,chicken,pelican,f,move,verbal,not,goal,getting water for hurt animal,slide,snail,turtle,turtle,n,move,verbal,not,goal,Getting water for hurt animal,sting,pig,horse,pig,f,move,verbal,not,goal,Getting hurt animal water,tree,frog,walrus,walrus ,n,move,verbal,not,goal,getting water for hurt animal,sand,lamb,cow,cow,n,move,verbal,not,goal,getting water for hurt animal,bars,turtle,alligator,turtle,f,move,verbal,not,goal,Getting water for hurt animal,
FLIP5_12,1,m,5,rock,pelican,chicken,pelican,f,move,verbal,not,goal,bandaid,slide,turtle,snail,turtle,f,move,verbal,not,goal,Bandaid and brings the hurt animal to the doctor ,sting,horse,pig,horse,f,move,verbal,not,comfort,Hug and takes the stinger out,tree,walrus,frog,walrus ,f,move,verbal,not,comfort,Uses his teeth and body to make him feel better,sand,cow,lamb,cow,f,move,verbal,not,comfort,Gives the hurt character milk and a headbump,bars,alligator,turtle,alligator,f,act,verbal,not,goal,Biting and scratching then giving him a bandaid ,
FLIP5_13,1,f,5,sand,horse,pig,horse,f,move,verbal,not,goal,bandaid ,bars,pelican,chicken,chicken,n,move,verbal,not,goal,"""fixing"" the hurt character",sting,lamb,cow,lamb,f,move,verbal,not,goal,bandaid,tree,turtle,snail,snail,n,move,verbal,not,goal,bandaid ,rock,alligator,turtle,turtle,n,move,verbal,not,goal,Putting a cast on the animal's leg,slide,frog,walrus,walrus,n,move,verbal,not,goal,bandaid ,
FLIP5_15,1,f,5,rock,alligator,turtle,turtle,n,move,verbal,not,goal,bandaid ,sting,cow,lamb,lamb,n,move,verbal,not,comfort,"says ""it'll be okay"" to the hurt animal",slide,frog,walrus,frog,f,move,verbal,specific ,goal,Takes the hurt character home and puts her in her bed,sand,pig,horse,pig,f,move,verbal,not,goal,Sees a splinter and uses tweezers to take it out,tree,turtle,snail,snail,n,move,verbal,specific ,goal,Brings the hurt character home,bars,pelican,chicken,pelican,f,move,verbal,not,goal,Helps the hurt character get back on the monkeybars,
FLIP5_16,1,m,5,sting,cow,lamb,cow,f,move,verbal,not,goal,Putting milk on the sting to make it feel better,sand,pig,horse,horse,n,move,verbal,not,goal,Bandaid and helping the hurt character up,rock,alligator ,turtle,turtle,n,move,verbal,not,comfort,kisses the hurt character,bars,chicken,pelican,pelican,n,move,verbal,not,comfort,Hugs and kisses the hurt character,slide,walrus,frog,frog,n,move,verbal,specific,goal,The helper carries the hurt animal home and gives him a bandaid,tree,turtle,snail,turtle,f,move,verbal,not,goal,Checking to see if the hurt charcacter is okay,
FLIP5_17,1,m,5,bars,alligator,turtle,turtle,n,move,verbal,not,goal,Picking the hurt character up,sand,cow,lamb,lamb,n,move,verbal,not,goal,Picking the hurt character up,tree,frog,walrus,frog,f,move,verbal,not,goal,Helping the hurt character up,sting,pig,horse,horse,n,move,verbal,not,goal,Picking the hurt character up,slide,turtle,snail,turtle,n,move,verbal,not,goal,Picks the hurt character up,rock,pelican,chicken,pelican,f,move,verbal,not,goal,Picks up the hurt character ,
FLIP5_18,1,f,5,sting,pig,horse,horse,n,move,verbal,not,comfort,"asking ""are you okay?""",rock,chicken,pelican,chicken,f,move,verbal,not,comfort,Offers to rub her warm feathers on the hurt character,sand,cow,lamb,lamb,n,move,verbal,not,comfort ,"Asks ""are you okay?""",slide,snail,turtle,turtle,n,move,verbal,not,comfort,"Asks ""are you okay?""",bars,turtle,alligator,alligator,n,move,verbal,not,comfort,"asking ""are you okay?"" ",tree,walrus,frog,walrus,f,move,verbal,not,comfort,"Asks ""are you okay?""",
FLIP6_1,1,m,6,bars ,alligator,turtle,alligator,f,move,verbal,not,none,"""helping""",sand,cow,lamb,lamb,n,move,verbal,not,share,sharing jacket,tree,frog,walrus,frog,f,move,verbal,not,comfort,jumping to make happy,sting,pig,horse,horse,n,move,verbal,not,comfort,hurt character rides on helper's back,slide,turtle,snail,snail,n ,move,verbal,not,goal,using (snail) smile to make different things ,rock,pelican,chicken,pelican,f,move,verbal,not,comfort,Helper flies around to make hurt character happy,
FLIP6_2,1,m,6,slide,walrus,frog,frog,n,move,verbal,not ,none ,"""helping him"" ",rock,turtle,alligator,allignator,n,move,verbal,not,none,"""helping""",tree,turtle ,snail,turtle,f,move,verbal,not,none,"""hes helping""",sting,lamb,cow,cow,n,move,verbal,not,none,"""helping feel better""",bars,chicken,pelican ,chicken,f,move,verbal,not,none,"""helping him feel better""",sand,pig,horse,horse,n,move,verbal,not,none,"""helping""",
FLIP6_3,1,m,6,rock ,chicken,pelican,chicken,f,move,verbal,not,goal,bandaid ,slide,turtle ,snail,turtle,f,move,verbal,not,goal,lifting the hurt character up the slide,sting,horse,pig,horse,f,move,verbal,not,goal,Baking soda and water to clean the sting wound,tree,walrus,frog,walrus,f,move,verbal,not,goal,bandaid ,sand,cow,lamb,cow,f,move,verbal,not,goal,bandaid and gives him milk,bars,alligator,turtle ,alligator ,f,move,verbal,not ,goal,Helping him stand up and bandaid,
FLIP6_4,1,f,6,tree,frog,walrus,walrus,n,move,verbal,not,none,"""helping""",bars,alligator,turtle,alligator,f,move,verbal,not,none,"""helping""",slide,snail,turtle,snail,f,move,verbal,not,none,"""helping""",sand,cow,lamb,cow,f,move,verbal,not ,none,"""helping""",rock,pelican,chicken,chicken,n ,move,verbal,not,none,"""helping""",sting,horse,pig,horse,f,move,verbal,not,none,"""helping them feel better""",
FLIP6_6,1,m,6,rock,alligator,turtle,turtle,n,move,verbal,not,goal,bandaid ,sting,cow,lamb,lamb,n,move,verbal,not,none,"""helping""",slide,frog,walrus,walrus,n,move,verbal,not,goal,bringing hurt character home to rest ,sand,pig,horse,pig,f,move,verbal,not,goal,"""taking him home to rest""",tree,turtle,snail,turtle,f,move,verbal,not,comfort ,hug,bars,pelican,chicken,chicken,n,move,verbal,not,goal,"""taking him to the bench to rest""",
FLIP6_7,1,m,6,bars ,chicken,pelican,chicken,f,move,verbal,not,goal,bandage,tree,snail,turtle,snail,f,move,verbal,not,goal,bandage,sand,pig,horse,pig,f,move,verbal,not,goal,bandage,slide,frog,walrus,frog,f,move,verbal,not,goal,"""bandaging up the wing""",sting,lamb,cow,lamb,f,move,verbal,not,goal,special medicine ,rock,turtle,alligator,turtle,f,move,verbal,not,goal,bandage ,
FLIP6_8,1,m,6,slide,frog,walrus,frog,f,move,verbal,not,goal,helping hurt character up,rock,alligator ,turtle,alligator,f,move,verbal,not,none,"""helping""",tree,snail,turtle,snail,f,move,verbal,not ,goal,lifting him up to make him feel better,sting,cow,lamb,cow,f,move,verbal,not,none,"""helping him feel better""",bars,pelican ,chicken,chicken,n ,move,verbal,not,goal,helping hurt character up,sand,horse,pig,horse,f,move,verbal,not,goal,helping the hurt character get up,
FLIP6_9,1,m,6,sand,pig,horse,pig,f,move,verbal,not,comfort,Hug and reading a story to the hurt character ,bars,chicken,pelican,chicken,f,move,verbal,not,comfort,Doing their secret handshake ,sting,cow,lamb,lamb,n,move,verbal,not,goal,Giving the hurt character a ride to the doctor and usign her wool ,tree,snail,turtle,snail,f,act,verbal,not,comfort ,"Do a dance to make the hurt character feel better and use their ""healing slime""",rock,turtle,alligator,turtle,f,act,verbal,not,goal,Putting water on the hurt character and going back to the blacktop to play,slide,walrus,frog,walrus,f,move,verbal,not,comfort,Pouring water on the hurt character and making up a secret handshake,
FLIP6_12,1,m,6,slide,turtle,snail,snail,n,move,verbal,not,goal,Helping the hurt character up,tree,walrus,frog,frog,n,act,verbal,not,goal,Helping the hurt character climb the tree,rock,pelican,chicken,chicken,n,act,verbal,not,goal,The helper moves the rock so no one trips on it ,bars,turtle,alligator ,turtle,f,act,verbal,not,goal,Helping the hurt character get back on the monkey bars ,sting,pig,horse,pig,f,move,verbal,not,none,"""helping eachother"" ",sand,cow,lamb,cow,f,move,verbal,not,goal,Lifting the hurt character and putting him back in the sandbox,
FLIP6_14,1,f,6,tree,snail,turtle,turtle,n,move,verbal,not,goal,Helping the hurt character up,slide,frog,walrus,frog,f,move,verbal,not,goal,Helping the hurt get up,bars,chicken,pelican,chicken,n,move,verbal,not,goal,Helping the hurt character get up,rock,alligator,turtle,turtle,n,move,verbal,not,goal,Helping the hurt character get up,sand,horse,pig,horse,f,move,verbal,not,goal,Helping the hurt character get up,sting,lamb,cow,cow,n,move,verbal,not,goal,Taking the hurt character to the nurse ,
FLIP6_15,1,f,6,slide,turtle,snail,turtle,f,move,verbal,not,goal,Helping the hurt character up,tree,walrus,frog,frog,n,move,verbal,not,goal,Helping the hurt character climb the tree,rock,pelican,chicken,chicken,n,move,verbal,not,goal,Moving the rock so they don't trip again,sand,turtle ,alligator ,turtle,f,move,verbal,not,goal,Helping the hurt character out of the sandbox and cleaning them,sting,pig,horse,pig,f,move,verbal,not,goal,Helping the character clean up,bars,cow,lamb,cow,f,move,verbal,not,comfort,The cow gives the hurt character some milk,
FLIP6_16,1,m,6,sand ,lamb,cow,lamb,f,move,verbal,not,goal,bandaid ,sting,horse,pig,horse,f,move,verbal,specific,goal,Trotter gets a bandaid and finds the hurt character's mom,bars,turtle ,alligator,turtle,f,move,verbal,not,goal,bandaid ,rock,pelican,chicken,pelican,f,act,verbal,not,goal,bandaid and gets rid of the rock so he doesn't trip again,tree,frog,walrus,frog,f,act,verbal,not,goal,bandaid ,slide,snail,turtle ,turtle,n,act,verbal,not,goal,bandaid ,
FLIP6_17,1,m,6,slide,snail,turtle,snail,f,move,verbal,not,goal,ice pack,tree,frog,walrus,frog,f,move,verbal,not,none,"""helping""",rock,chicken,pelican,chicken,f,move,verbal,not,goal,bandaid and helps the character up,bars,alligator,turtle,alligator,f,move,verbal,not,goal,Helping the hurt character up,sting,horse,pig,horse,f,move,verbal,not,goal,Helping the hurt character get up,sand,cow,lamb,cow,f,move,verbal,not,goal,helping the hurt character get up,
FLIP6_18,1,m,6,slide,snail,turtle,snail,f,move,verbal,not,none,"""helping""",tree,frog,walrus,frog,f,move,verbal,not,none ,"""helping""",rock,chicken,pelican,chicken,f,move,verbal,not,none,"""helping""",bars,alligator,turtle,alligator,f,move,verbal,not,none,"""helping him""",sting,horse,pig,horse,f,move,verbal,not,none,"""helping him""",sand,lamb,cow,lamb,f,move,verbal,not,none,"""helping them""",Verbally said the friend character is the right answer 
FLIP6_19,1,f,6,sting,lamb,cow,lamb,f,move,verbal,not,comfort,The lamb is using his wool to help,sand,horse,pig,horse,f,move,verbal,not,goal,Licking the wound because water helps heal wounds ,rock,turtle ,alligator,turtle,f,move,verbal,specific ,goal,Moves the rock and takes the hurt character home,bars,pelican,chicken,pelican,f,move,verbal,not,goal,Calling for help,slide,frog,walrus,frog,f,move,verbal,not,comfort ,"Say ""its okay"" and they try the slide again",tree,snail,turtle ,snail,f,move,verbal,not,goal,Uses the slime to cover the wound like a bandaid. Also makes sure they don't fall again.,
FLIP6_20,1,f,6,sting,cow,lamb,lamb,n,move,verbal,not,comfort,"""are you okay?""",sand,pig,horse,pig,f,move,verbal,not,comfort,"""Are you okay?"" and helping the hurt character",rock,alligator,turtle,alligator,f,act,verbal,not,comfort,"Licking the hurt character and asking ""are you okay?""",bars,chicken,pelican ,chicken,f,act,verbal,not,comfort,"Pecking her and saying ""cluck cluck"" to make her feel better",slide,walrus,frog,walrus,f,act,verbal,not,comfort ,"asking ""are you okay?"" ",tree,turtle,snail,snail,n,move,verbal,not,goal,Putting slime on the wound,Says they're choosing the friend character. Makes up 2 scenarios for the 6th trial with a different helper. The first scenario was the one that was coded. 
FLIP-60_01,1,f,4,tree,frog,walrus,walrus ,n,move,verbal,not,goal,bandaid ,bars,alligator ,turtle,alligator,f,move,verbal,not,goal,bandaid,slide,snail ,turtle,snail,f,move,verbal,not,goal,putting the blood pressure on,sand,cow,lamb,lamb,n,move ,verbal,not,goal,putting the blood pressure on,rock,chicken,pelican,chicken,f,move,verbal,not,goal,bring the blood pressure,sting,horse ,pig,horse,f,move,verbal,not,goal,bandaid ,
FLIP-60_02,1,f,4,slide,walrus,frog,walrus ,f,move,verbal,not,goal,bandaid ,rock,turtle,alligator,turtle,f,move,verbal,not,goal,bandaid,tree,turtle,snail,turtle,f,move,verbal,not,goal,bandaid,sting,lamb,cow,cow,n,move ,verbal,not,goal,bandaid,bars,chicken,pelican,chicken,f,move,verbal,not,goal,bandaid,sand,pig,horse,pig,f,move,verbal,not,goal,bandaid ,
FLIP-60_03,1,m,4,sting,horse,pig,horse,f,move,verbal,not,none,"""making him feel better""",rock,pelican,chicken,chicken,f,move,verbal,not,goal,woke up the hurt animal,sand,lamb,cow,cow,n,move,verbal,not,none,"""the cow(helper ) got hurt too""",slide,turtle,snail,snail,n,move ,verbal,not,none,"""made him feel better""",bars,alligator,turtle,alligator,f,move,verbal,not,goal,woke up the hurt animal,tree,frog,walrus,frog,f,move,verbal,not,none,"""hes too heavy for the frog""",
FLIP-60_04,1,f,4,tree,turtle,snail,turtle,f,move,verbal,not,goal,picking hurt animal up,slide,walrus,frog,frog,n,move,verbal,not,goal,picks up hurt animal,bars,pelican,chicken,chicken,n,move,verbal,not,goal,picks hurt character up,rock,turtle,alligator ,alligator,n,move ,verbal,not,goal,picks hurt animal up,sand,pig,horse,pig,f,move,verbal,not,goal,picks up hurt character,sting,cow,lamb,lamb,n,move,verbal,not,goal,picks hurt character up,
FLIP-60_06,1,m,4,tree,walrus,frog,frog,n,move,no,not,none,no verbal response(shrugged shoulders),bars,turtle,alligator,alligator,n,move,no,not,none,no verbal response ,slide,turtle,snail,turtle,f,move,no,not,none,no verbal response,sand,cow,lamb,lamb,n,move ,no,not,none,no verbal response ,rock,chicken ,pelican,pelican,n,move,no,not,none,no verbal response ,sting,pig,horse,pig,f,move,no,not,none,no verbal response ,
FLIP-60_07,1,f,4,slide,snail,turtle,snail,f,move,verbal,not,goal,"""heals his head""",tree,frog,walrus,frog,f,move,verbal,not,comfort,Hug and healing ,rock,chicken,pelican,chicken,f,move,verbal,not,goal,bandaid,bars,alligator,turtle,turtle,n,move ,verbal,not,goal,Bandaid and aquaphor,sting,horse,pig,pig,n,move,verbal,not,goal,helping stand up and bandaid,sand,lamb,cow,lamb,f,move,verbal,not,goal,picks hurt character up and gives her a ride, 
FLIP-60_08,1,m,4,rock,pelican,chicken,chicken,n,move,no,not,none,no verbal response,snail,turtle,snail,turtle,f,move,no,not,none,no verbal story,sting,horse,pig,pig,n,move,no,not,none,no story told,tree,walrus,frog,frog,n,move,verbal,not,none,no story told,sand,cow,lamb,cow,f,move,no,not,none,no story told,bars,alligator,turtle,turtle,n,move,no,not,none,no story told ,
FLIP-60_09,1,m,4,sting,cow,lamb,cow,f,move,verbal,not,goal,bandaid ,sand,pig,horse,horse,n,move,verbal,not,goal,bandaid,rock,alligator,turtle,alligator,f,move,verbal,not,goal,bandaid ,bars,chicken,pelican ,chicken,f,act,verbal,not,goal,bandaid,slide,walrus,frog,walrus,f,move,verbal,not,goal,bandaid,tree,turtle ,snail,snail,n,act,verbal,not,goal,bandaid ,
FLIP-60_10,1,m,4,rock,alligator,turtle,turtle,n,move,no,not,none,no verbal story ,sting,cow,lamb,lamb,n,move,no,not,none,no verbal story ,slide,frog,walrus,frog,f,move,no,not,none,no verbal story,sand,pig,horse,horse,n,move,verbal,not,none,no verbal story,tree,turtle,snail,snail,n,move,verbal,not,none,no story told,bars,pelican,chicken,chicken,n,move,verbal,not,goal,bandaid ,
FLIP-60_12,1,f,4,sting,lamb,cow,lamb,f,move,verbal,not,goal,bandaid ,sand,horse,pig,horse,f,move,no,not,goal,bandaid ,rock,turtle,alligator,turtle,f,move,no,not,comfort,kiss,bars,pelican,chicken,chicken,n,move,verbal,not,goal,bandaid,slide,frog,walrus,frog,f,move,verbal,not,goal,bandaid ,tree,snail,turtle,turtle,n,move,verbal,not,goal,bandaid,
FLIP-60_13,1,f,4,sand,cow,lamb,lamb,n,move,verbal,not,comfort,using fluffy wool to make the hurt animal feel better,sting,pig,horse,horse,n,move,verbal,not,goal,gives the hurt animal a ride to the veterinarian,bars,alligator,turtle,turtle,n,move,no,not,none,no verbal story,rock,chicken,pelican ,chicken,f,move,verbal,not,comfort,being nice to make her feel better ,tree,walrus,frog,walrus,f,point,no,not,none,no verbal story,slide,turtle,snail,turtle,f,move,no,not,none,no verbal story,
FLIP-60_14,1,f,4,rock,turtle,alligator,alligator,n,move,verbal,not,goal,bandaid ,sting,lamb,cow,lamb,f,move,verbal,not,goal,bandaid ,slide,walrus,frog,walrus,f,move,verbal,not,goal,bandaid,sand,horse,pig,pig,n,move,verbal,not,goal,Bandaid ,tree,snail,turtle,turtle,n,move,verbal,not,goal,bandaid ,bars,chicken,pelican,chicken,f,move,verbal,not,goal,helped hurt character stand up,
FLIP-60_15,1,m,4,bars,chicken,pelican,pelican,n,move,verbal,not,goal,helping the hurt character get back on the monkey bars ,tree,snail,turtle,turtle,n,move,verbal,not,goal,Helping hurt character get back on the tree,sand,pig,horse,pig,f,move,verbal,not,goal,Helping hurt character up,slide,frog,walrus,walrus,n,move,verbal,not,goal,Helping hurt character stand back up,sting,lamb,cow,cow,n,move,verbal,not,goal,Helping the hurt character stand back up,rock,turtle,alligator,turtle,f,move,verbal,not,goal,bandaid ,
FLIP-60_16,1,m,4,slide,frog,walrus,frog,f,move,verbal,not,goal,"""hes gonna get his(hurt character's) head all ready to go""",rock,alligator ,turtle,alligator,f,move,verbal,not,comfort,Rubbing hurt character's head,tree,snail ,turtle,turtle,n,move,verbal,not,comfort,Rubbing hurt character's head and toes to make him feel better,sting,cow,lamb,lamb,n,move,verbal,not,comfort,kissing hurt character,bars,pelican,chicken,chicken,n,move,verbal,not,goal,Picking hurt character up,sand,horse,pig,horse,f,move,no,not,none,"no verbal story other than ""horses are bigger""",
FLIP-60_17,1,f,4,rock,chicken,pelican,chicken,f,move,no,not,none,no verbal response ,slide,snail,turtle,snail,f,move,no,not,none,No verbal story,sting,pig,horse,pig,f,move,no,not,none,No verbal story ,tree,frog,walrus,walrus,n,move,no,not,none,no verbal story ,sand,lamb,cow,lamb,f,move,no,not,none,no verbal story,bars,turtle,alligator,turtle,f,move,no,not,none,no verbal story ,
FLIP-60-18,1,f,4,sand,horse,pig,horse,f,move,verbal,not,none,"""The horse wants to be a doctor when she grows up""",bars,pelican,chicken,pelican,f,act,verbal,not,goal,bandaid,sting,lamb,cow,lamb,f,act,verbal,not,none,"""Shes a veterinarian""",tree,turtle,snail,snail,n,move,verbal,not,goal,Taking out a splinter,rock,alligator,turtle,turtle,n,act,verbal,not,goal,Takes the splinter out,slide,frog,walrus,frog,f,act,verbal,not,goal,Bandaid and cleaning wound,
FLIP2-4_2,2,f,4,tree,walrus,frog,walrus,f,move,verbal,not,goal,Healing the hurt animal,bars,turtle,alligator,turtle,f,move,verbal,not,comfort,Making the hurt animal feel better,slide,turtle,snail,turtle,n,move,verbal,not,none,Puts slime on the hurt animal,sand,lamb,cow,lamb,f,move,verbal,not,none,"""Sheeps don't get hurt because they have fur""",rock,chicken,pelican,pelican,n,move,verbal,not,none,"""feathers feathers feathers""",sting,pig,horse,horse,n,move,verbal,not,none,The frog uses his sticky tongue on the hurt animal ,"The researcher prompts the child with ""this one first, then that one?"" when choosing an animal. The first animal the participant chose was coded. "
FLIP2-4_3,2,m,4,sting,horse,pig,horse,f,move,verbal,not,none,"""helping""",rock,pelican,chicken,pelican,f,move,verbal,not,none,The animal fell over,sand,lamb,cow,cow,n,move,verbal,not,none,"""helping""",slide,turtle,snail,turtle,f,move,verbal,not,none,The turtle fell over,bars,alligator,turtle,turtle,n,move,verbal,not,none,The turtle's shell broke his fall,tree,frog,walrus,walrus,n,move,verbal,not,none,The frog fell out of the tree,
FLIP2-4_4,2,f,4,rock,turtle,alligator,alligator,n,move,no,not,none,no verbal response,sand,pig,horse,horse,n,move,verbal,not,none,"""They feel better""",sting,cow,lamb,lamb,n,move,verbal,not,none,"""they feel better""",tree,turtle,snail,snail,n,move,verbal,not,none,"""They feel better""",slide,walrus,frog,walrus,f,move,verbal,not,none,"""they feel better""",bars,pelican,chicken,chicken,n,move,verbal,not,none,"""They feel better""",
FLIP2-4_5,2,m,4,slide,walrus,frog,walrus,f,move,verbal,not,none,"""they fell""",rock,turtle ,alligator,alligator,n,move,verbal,not,none,"""He fell""",tree,turtle,snail,turtle,f,move,verbal,not,none,"""They fell""",sting,lamb,cow,cow,n,move,verbal,not,none,"""He fell""",bars,chicken,pelican,chicken,f,move,verbal,not,none,"""he fell""",sand,pig,horse,horse,n,move,verbal,not,none,"""They fell down""",
FLIP2-4_6,2,f,4,sand,lamb,cow,cow,n,move,verbal,not,goal,Brings the hurt animal to the hospital,rock,horse,pig,horse,f,move,verbal,not,goal,Takes the hurt animal to the doctor,bars,turtle,alligator,turtle,f,move,verbal,not,goal,Bringing the hurt character to the ambulance,rock,pelican,chicken,pelican,f,move,verbal,not,goal,Brings the hurt animal to the ambulance,tree,frog,walrus,frog,f,move,verbal,not,goal,Taking the hurt animal to the hospital,slide,slide,turtle,turtle,n,move,verbal,not,goal,Bringing the hurt animal to the hospital,
FLIP2-4_7,2,f,4,sting,lamb,cow,lamb,f,move,verbal,not,none,"""Hootie will help both of them""",sand,horse,pig,horse,f,move,verbal,not,none,"""They both subbed their toe""",rock,turtle,alligator,alligator,n,point,verbal,not,none,"""They both got hurt""",bars,pelican,chicken,chicken,n,move,verbal,not,none,"""They both got hurt""",slide,frog,walrus,frog,f,move,verbal,not,goal,Feathers shows the hurt animal how to go down the slide safely,tree,snail,turtle,snail,f,move,verbal,not,comfort,Giving the hurt animal a kiss,
FLIP2-4_8,2,f,4,sand,cow,lamb,lamb,n,move,verbal,not,comfort,Helps thehurt animal up and rubs their injury to make it feel better,sting,pig,horse,pig,f,move,verbal,not,comfort,Rubs the hurt animal and helps him up,bars,alligator,turtle,alligator,f,move,verbal,not,comfort,Rubs the hurt animal and helps them up,rock,chicken,pelican,chicken,f,move,verbal,not,comfort,Pick the hurt animal up and rub them,tree,walrus,frog,walrus,f,move,verbal,not,goal,Helping Feathers climb the tree,slide,turtle,snail,snail,n,move,verbal,not,goal,Helping him down the slide ,
FLIP2-4_10,2,f,4,rock,turtle,alligator,turtle,f,move,verbal,not,goal,"""Fixing the turtle and making them feel better""",sting,lamb,cow,lamb,f,move,verbal,not,comfort,"""Making them feel better""",slide,walrus,frog,walrus,f,move,verbal,not,goal,"""Fixing him"" ",sand,horse,pig,pig,n,move,verbal,not,comfort,"""Shes making the pig feel better""",tree,turtle,snail,turtle  ,f,move,verbal,not,goal,"""Fixing the turtle""",bars,chicken,pelican,pelican,n,move,verbal,not,comfort,"""Hugging to make him feel better""",
FLIP2-4_11,2,m,4,sand,cow,lamb,cow,f,move,verbal,not,goal,"""Checked him when he fell out of the sandbox""",sting,pig,horse,horse,n,move,verbal,not,none,"""He slides and he trips""",bars,alligator,turtle,alligator,n,move,verbal,not,comfort,"""Giving him a hug""",rock,chicken,pelican,pelican,n,act,verbal,not,comfort,"""He triped over the rock and got dizzy then the helper gave him a hug and piggy back""",tree,walrus,frog,walrus,f,act,verbal,not,comfort,"""Giving him a piggy back""",slide,turtle,snail,snail,n,move,verbal,not,comfort,"""Giving him a piggy back""",
FLIP2-4_12,2,f,4,rock,pelican,chicken,pelican,f,move,verbal,not,goal,"""Take him to the doctor to make him feel better""",slide,snail,turtle ,turtle,n,move,verbal,specific,goal,"""Taking him to his Dad who is a doctor""",sting,pig,horse,pig,f,move,verbal,not,none,"""He helps both""",tree,frog,walrus,frog,f,move,verbal,not,goal,"""hes getting him a cast to fix his broke arm""",sand,lamb,cow,cow,f,move,verbal,not,goal,"""She fixes them""",bars,turtle,alligator,turtle,f,move,verbal,not,goal,"""She fixed them"" ",
FLIP2-4_13,2,f,4,sand,horse,pig,pig,n,move,verbal,not,goal,"""He put a bandaid on his tail""",bars,pelican,chicken,pelican,f,move,verbal,not,goal,"""Putting bandaids on him to make him feel better""",sting,lamb,cow,lamb,f,move,verbal,not,goal,"""Putting a bandaid on his head""",tree,turtle,snail,turtle,f,move,verbal,not,goal,"""getting him some water""",rock,alligator,turtle,turtle,n,move,verbal,not,goal,"""Getting him some air because he can't breathe""",slide,frog,walrus,walrus,n,move,verbal,not,goal,"""he got some water""",
FLIP2-4_14,2,m,4,rock,alligator,turtle ,alligator,f,move,verbal,not,goal,"""the duck flipped over the crocodile""",sting,cow,lamb,cow,f,move,verbal,not,comfort ,"""Making them feel better""",slide,frog,walrus,frog,f,move,verbal,not,goal,"""Helping Froggy up""",sand,pig,horse,horse,n,move,verbal,not,goal,"""Froggy helped horsey get up""",tree,turtle,snail,snail,n,move,verbal,not,goal,"""Helped the snail get better""",bars,pelican,chicken,pelican,f,move,verbal,not,goal,"""Helped him get up and feel better""",
FLIP2-4_15,2,m,4,bars,chicken,pelican,chicken,f,move,verbal,not,none,"""Hes helping""",tree,snail,turtle ,turtle,n,move,verbal,not,none ,"""Helping him""",sand,pig,horse ,pig,f,move,verbal,not,comfort,"""Makign him feel better""",slide,frog,walrus,frog,f,move,verbal,not,comfort,"""Made him feel better""",sting,lamb,cow,lamb,f,move,verbal,not,comfort,"""Made him feel better""",rock,turtle,alligator,alligator,n,move,verbal,not,comfort ,"""Made him feel better""",
FLIP2-4_16,2,f,4,bars,chicken,pelican,chicken,f,move,verbal,not,goal,Getting bandaids from the car,,turtle ,snail,snail,n,move,verbal,not,goal,"""shes taking her to the doctor""",sand,horse,pig,horse,f,move,verbal,specific,goal,"""she gets her Mom""",slide,walrus,frog,frog,n,move,verbal,not,goal,Calling the doctor ,sting,cow,lamb,lamb,n,move,verbal,not,goal,Bandaid ,rock,alligator,turtle ,turtle,n,move,verbal,not,goal,Getting bandaids from the store,
FLIP2-4_17,2,f,4,bars,alligator,turtle ,turtle,n,move,verbal,not,none,"""They fell down""",sand,cow,lamb,cow,f,move,verbal,not,none,"""It fell down""",tree,frog,walrus,frog,f,move,verbal,not,none,"""They fell down""",sting,pig,horse,pig,f,move,verbal,not,none,"""They fell down""",slide,turtle ,snail,turtle,f,move,verbal,not,none,"""They fell down""",rock,pelican,chicken,chicken,n,move,verbal,not,none ,"""They fell down""",
FLIP2-4_18,2,m,4,slide,frog,walrus,frog,f,move,verbal,not,goal,Bandaid,rock,alligator ,turtle ,turtle,n,move,verbal,not,goal,"""hes getting medicine for his leg""",tree,snail,turtle,turtle,n,move,verbal,not,none,"""He fell down and scratched his leg""",sting,cow,lamb,lamb,n,move,verbal,not,goal,Medicine and bandaid,bars,pelican,chicken,chicken,n,move,verbal,not,goal,bandaid ,sand,horse,pig,horse,f,move,verbal,not,comfort,"""He gave him a hug to make him feel better""",
FLIP2-4_19,2,f,4,sting,pig,horse ,pig,f,move,verbal,not,goal,"""hes fixing her""",rock,chicken,pelican,chicken,f,move,verbal,not,goal,"""Hes fixing her"" ",sand,cow,lamb,lamb,n,move,verbal,not,goal,"""hes fixing her fur""",slide,snail,turtle,turtle,n,move,verbal,not,goal,"""Fixing her shell""",bars,alligator ,turtle,turtle,n,move,verbal,not,goal,"""Hes fixing her legs""",tree,walrus,frog,frog,n,move,verbal,not,goal,"""Fixing her legs""",
FLIP2-4_20,2,m,4,sand,pig,horse ,horse,n,move,verbal,not,goal,icepack ,bars,chicken,pelican,pelican,n,move,verbal,not,goal,icepack,sting,cow,lamb,lamb,n,move,verbal,not,goal,iceback,tree,snail,turtle,turtle,n,move,verbal,not,goal,icepack,rock,turtle,alligator,alligator,n,move,verbal,not,goal,icepack,slide,walrus,frog,frog,n,move,verbal,not,goal,icepack,
FLIP2-4_21,2,m,4,bars,alligator,alligator,alligator,n,move,verbal,not,comfort,"""They kissed eachother""",sand,lamb,cow,cow,n,move,verbal,not,comfort,"""He kissed him""",tree,walrus,frog,frog,n,move,verbal,not,none,"""He got in the tree""",rock,horse,pig,horse,f,act,verbal,not,none,"""He helped""",slide,snail,turtle,turtle,n,act,verbal,not,comfort,Kissing and going down the slide together,rock,chicken,pelican,chicken,f,act,verbal,not,none,"""They're at the beach making footprints in the sand""",
FLIP2-4_22,2,f,4,sand,horse,pig,horse,f,point,no,not,none ,"Said ""no"" when asked to tell story",bars,pelican,chicken,chicken,n,move,no,not,none,"""I'm tired""",sting,lamb,cow,cow,n,point,no,not,none,"Said ""no"" when asked to finish story",tree,turtle,snail,turtle,n,point,no,not,none,No verbal response,rock,alligator,turtle ,alligator,f,point,no,not,none,No story,slide,frog,walrus,frog,f,point,no,not,none,No story ,
FLIP2-4_25,2,m,4,tree,snail,turtle ,snail,f,act,verbal,not,none,"""He fell out the tree""",slide,frog,walrus,walrus,n,act,verbal,not,none,"""They're sliding""",bars,chicken,pelican,chicken,f,act,verbal,not,none,"""Yay""",rock,alligator,turtle,alligator,f,act,verbal,not,none,"""He was eating it""",sand,horse,pig,pig,n,act,verbal,not,none,"""Hes splashing in the mud""",sting,lamb,cow,cow,n,act,verbal,not,none,"""Hes hitting him""",
FLIP2-4_26,2,m,4,sand,snail,turtle ,turtle,n,move,verbal,not,goal,bandaid,tree,frog,walrus,frog,f,move,verbal,not,goal,bandaid,rock,chicken,pelican,chicken,f,move,verbal,not,goal,bandaid,bars,alligator,turtle,alligator,f,move,verbal,not,goal,bandaid,sting,horse,pig,horse,f,move,verbal,not,goal,bandaid ,sand,lamb,cow,lamb,f,move,verbal,not,goal,bandaid,
FLIP2-4_27,2,m,4,slide,turtle,snail,snail,n,act,verbal,not,goal,"""He lifted him up""",tree,walrus,frog,frog,n,move,verbal,not,goal,"""He lifts him up""",rock,pelican,chicken,pelican,f,move,verbal,not,none,"""He jumps on his head""",bars,turtle,alligator,alligator,n,act,verbal,not,none,Story not related to helping,sting,pig,horse,pig,f,act,verbal,not,none,"""He jumps on his head""",sand,cow,lamb,cow,f,act,verbal,not,none,"""Everyone goes back to their own house""",
FLIP2-4_28,2,m,4,bars,chicken,pelican,pelican,n,move,verbal,not,none,"""Shes gonna help""",tree,turtle,snail,turtle,f,move,verbal,not,comfort,"""Hes gonna make him feel better""",sand,horse,pig,pig,n,move,verbal,not,goal,"""He catches him and fixes him""",slide,walrus,frog,frog,n,move,verbal,not,none,"""He says can you help me and he says sure""",sting,cow,lamb,cow,f,act,verbal,not,none,"""The cow because he has fur to protect him""",rock,alligator,turtle,alligator,f,move,verbal,not,none,"""Him because Shelly has a shell""",
FLIP2-5_1,2,f,5,rock,chicken,pelican,chicken,f,move,verbal,not,none,"""They'll be friends and help eachother every day.""",slide,turtle,snail,snail,n,move,verbal,specific,goal,Tells hs mom and teacher that hes sick,sting,horse,pig,pig,n,move,verbal,not,none,"""She'll feel good tomorrow when she goes to school""",tree,walrus,frog,frog,n,move,verbal,not,none,"""Tomorrow Feathers will feel much better""",sand,cow,lamb,cow,f,move,verbal,not,none,"""They'll be friends and play with toys at school""",bars,alligator,turtle,alligator,f,move,verbal,not,goal,"""they help eachother up""",
FLIP2-5_2,2,m,5,rock,turtle,alligator,alligator,n,move,verbal,not,none ,"""Hes helping Ducky""",sting,lamb,cow,cow,n,move,verbal,not,goal,bandaid ,slide,walrus,frog,walrus,f,move,verbal,not,none,"""They're going down the slide""",sand,horse,pig,pig,n,move,verbal,not,none,"""They're playing in the sandbox together""",tree,snail,turtle,turtle,n,act,verbal,not,none,"""The tree falls down""",bars,chicken,pelican,chicken,f,act,verbal,not,goal,"""Helping Penny climb on the monkeybars"" ",
FLIP2-5_3,2,m,5,tree,frog,walrus,walrus,n,move,verbal,not,goal,"""Wally helped Feathers up""",bars,alligator,turtle ,alligator,f,move,verbal,not,goal,"""Hes helping Ducky up""",slide,snail,turtle,snail,f,move,verbal,not,goal,"""He helped him over""",sand,cow,lamb,cow,f,move,verbal,not,goal,"""He wants to see if hes bleeding""",rock,pelican,chicken,pelican,f,move,verbal,not,goal,"""He helped him over""",sting,horse,pig,horse,f,move,verbal,not,goal,"""He helped him up""",
FLIP2-5_4,2,f,5,rock,chicken,pelican,chicken,f,move,verbal,not,goal,"""Shes picking her up""",slide,snail,turtle ,turtle,n,move,verbal,not,goal,"""Shes picking her up""",sting,pig,horse,horse,n,move,verbal,not,goal,"""She picked her up and gave her a bandaid ",tree,frog,walrus,frog,f,move,verbal,not,goal,"""She picks her up""",sand,lamb,cow,cow,f,move,verbal,not,goal,"""He picked her up again""",bars,turtle,alligator,alligator,n,move,verbal,not,goal,"""She picks her up again""",
FLIP2-5_5,2,m,5,tree,frog,walrus,frog,f,move,verbal,not,goal,Bandaid ,bars,alligator,turtle ,alligator,f,move,verbal,not,goal,"""Ducky is putting his scales back on""",slide,snail,turtle,turtle,n,move,verbal,not,goal,"""Hes helping but his nail back on with his sticky slime""",sand,cow,lamb,cow,f,move,verbal,not,goal,"""Helping him put his horns back on""",rock,pelican,chicken,chicken,n,move,verbal,not,goal,"""Helping put some of his hair back on""",sting,horse,pig,pig,n,move,verbal,not,goal,"""Helping the bump from the sting go away""",
FLIP2-5_6,2,f,5,rock,pelican,chicken,pelican,f,move,verbal,not,goal,"""Helping her stand up""",slide,turtle,snail,turtle,f,move,verbal,not,goal,"""He helps her go down the slide without getting hurt'",sting,horse,pig,pig,n,move,verbal,not,goal,Bandaid ,tree,walrus,frog,walrus,f,move,verbal,not,goal,"""Helps him climb up the tree""",sand,cow,lamb,cow,f,move,verbal,not,none,"""They're dancing""",bars,alligator,turtle,turtle,n,move,verbal,not,none,"""He jumped on him""",
FLIP2-5_7,2,f,5,turtle,snail,turtle ,snail,f,move,verbal,specific,goal,"""Inky helps the snail go back home""",slide,frog,walrus,walrus,n,move,verbal,specific,goal,"""Shes helping him go back home""",bars,chicken,pelican,pelican,n,move,verbal,specific,goal ,"""Shes carrying her home""",rock,turtle ,alligator,turtle,f,move,verbal,specific,goal,"""Gets her a bandaid and takes her home""",sand,horse,pig,horse,f,move,verbal,specific,goal,Taking horsey home,sting,lamb,cow,lamb,f,move,verbal,specific ,goal,"""Hooty is helping Lamby go home""",
FLIP2-5_8,2,f,5,tree,walrus,frog,frog,n,move,verbal,not,comfort,"""Feathers is rubbing her with her wing to make her feel better""",bars,turtle,alligator,alligator,n,move,verbal,not,comfort ,Hugging ,slide,turtle,snail,snail,n,move,verbal,not,comfort,Hugging,sand,lamb,cow,cow,n,move,verbal,not,goal,"""Picking them up and brushing them off""",rock,chicken,pelican,chicken,f,move,verbal,not,goal,bandaid ,sting,pig,horse,pig,f,move,verbal,not,comfort,hug and kiss,
FLIP2-5_9,2,f,5,sting,horse,pig,horse,f,move,verbal,not,none,"""Helping""",rock,pelican,chicken,pelican,f,act,verbal,not,goal,"""Shes brushing her arm""",sand,lamb,cow,lamb,f,move,verbal,not,goal,"""Shes brushing her off""",slide,turtle,snail,turtle,f,move,verbal,not,goal,"""Inky is brushing everything off""",bars,alligator,turtle,turtle,n,move,verbal,not,goal,"""Shes cleaning him off""",tree,frog,walrus,frog,f,move,verbal,not,goal,"""Shes helping Froggy climb up the tree""",
FLIP2-5_10,2,m,5,slide,snail,turtle ,snail,f,act,verbal,not,goal,"""Hes fixing him up""",tree,frog,walrus,walrus,n,act,verbal,not,goal,"""Feathers is fixing him""",rock,chicken,pelican,pelican,n,act,verbal,not,goal,"""They're gonna fix up that one""",bars,alligator,turtle,alligator,f,act,verbal,not,goal,"""Hes fixing that one""",sting,horse,pig,pig,n,act,verbal,not,none,"""They all feel better""",sand,lamb,cow,cow,n,act,verbal,not,goal,"""He helps with his bloody toe""",
FLIP2-5_11,2,f,5,bars,turtle,alligator,turtle,f,move,verbal,not,goal,"""Pick him up and take him to the Doctor""",sand,lamb,cow,lamb,f,move,verbal,not,goal,"""Pick her up and take her to the Doctor's office""",tree,walrus,frog,walrus,f,move,verbal,not,goal,"""Pick him up and take him tp the nurse""",sting,horse,pig,pig,n,move,verbal,not,goal,"""Pick her up and send her to the Nurse's office""",slide,snail,turtle,turtle,n,move,verbal,not,goal,"""take him to the Nurse's office""",rock,chicken,pelican,chicken,f,move,verbal,not,goal,"""Take him to the Doctor to get a checkup""",
FLIP2-5_12,2,m,5,rock,chicken,pelican,chicken,f,move,verbal,not,none,"""trying to help""",slide,snail,turtle ,turtle,n,move,verbal,not,none,"""trying to help""",sting,pig,horse,horse,n,move,verbal,not,none,"""helping""",tree,frog,walrus,frog,f,move,verbal,not,none,"""helping the frog""",sand,lamb,cow,cow,n,move,verbal,not,none,"""helping""",bars,turtle ,alligator,alligator,n,move,verbal,not,none,"""helping""",
FLIP2-5_13,2,m,5,bars,alligator,turtle ,turtle,n,move,verbal,not,comfort,"""squirting water at him to make him feel better""",sand,cow,lamb,lamb,n,move,verbal,not,comfort,"""helping him to feel better""",tree,frog,walrus,frog,f,move,verbal,not,comfort,"""helping him feel better""",sting,pig,horse,horse,n,move,verbal,not,comfort,"""helping him feel better""",slide,turtle,snail,turtle,f,move,verbal,not,comfort,"""sticking his ink on him to make him feel better""",rock,pelican,chicken,pelican,f,move,verbal,not,goal,"""getting ice""",
FLIP2-5_14,2,f,5,slide,turtle ,snail,snail,n,move,verbal,not,none,"""trying to help him""",tree,walrus,frog,walrus,f,move,verbal,not,none,"""gonna help him""",rock,pelican,chicken,chicken,n,move,verbal,not,none,"""he's gonna help them""",bars,turtle,alligator,alligator,n,move,verbal,not,none ,"""help them""",sting,pig,horse,horse,n,move,verbal,not,comfort,"""helping him feel better""",sand,cow,lamb,cow,f,move,verbal,not,none,"""help them""",
FLIP2-5_15,2,m,5,sting,pig,horse ,pig,f,move,verbal,not,goal,bandaid ,rock,chicken,pelican,chicken,f,move,verbal,not,goal,"""he moves the rock out of the way so no one else can get hurt""",sand,cow,lamb,cow,f,move,verbal,not,goal,bandaid,slide,snail,turtle,snail,n,move,verbal,not,goal,"""I'm going to help you go down the slide""",bars,turtle,alligator,alligator,n,move,verbal,not,goal,"""helps him to the top of the monkey bars""",tree,walrus,frog,frog,n,move,verbal,not,comfort,helping him climb the tree,
FLIP2-5_16,2,m,5,bars,pelican,chicken,pelican,f,move,verbal,not,comfort,"""hugging and kissing""",tree,turtle,snail,turtle,f,move,verbal,not,comfort,"""hugging and kissing""",sand,horse,pig,horse,f,move,verbal,not,comfort,"""hugging and kissing""",slide,walrus,frog,walrus,f,move,verbal,not,comfort,"""kissing him""",sting,cow,lamb,cow,f,move,verbal,not,comfort,"""kissing him""",rock,alligator,turtle,alligator,f,move,verbal,not,comfort,"""kissing him""",
FLIP2-5_17,2,f,5,sting,cow,lamb,cow,f,move,verbal,not,none,"""her helped""",sand,pig,horse,pig,f,move,verbal,not,goal,bandaid,rock,alligator,turtle,alligator,f,move,verbal,not,goal,bandaid ,bars,chicken,pelican,chicken,f,move,verbal,not,goal,"""bandaid for chicken""",slide,walrus,frog,walrus,f,move,verbal,not,goal,bandaid ,tree,turtle,snail,turtle,f,move,verbal,not,goal,bandaid ,
FLIP2-5_18,2,m,5,slide,walrus,frog,walrus,f,move,verbal,not,none,"""helping him""",rock,turtle,alligator,turtle,f,move,verbal,not,none,"""helping him""",tree,turtle,snail,turtle,f,move,verbal,not,none,"""helping him""",sting,lamb,cow,lamb,f,move,verbal,not,none,"""helping him""",bars,chicken,pelican,pelican,n,move,verbal,not,none,"""hes going to help him""",sand,pig,horse,pig,f,move,verbal,not,none,"""going to help""",
FLIP2-5_19,2,f,5,sand,pig,horse ,horse,n,move,verbal,not,none,"trying to help him""",bars,chicken,pelican,pelican,n,move,verbal,not,comfort,"""helping him feel better""",sting,cow,lamb,lamb,n,move,verbal,not,none,"""helping""",tree,snail,turtle,turtle,n,move,verbal,not,none ,"""she helps her friend out""",rock,turtle,alligator,turtle,f,move,verbal,not,goal,"""she moves the rock away""",slide,walrus,frog,frog,n,move,verbal,not,goal,"""she helps her friend and says ""I'm gonna move that for you""""",
FLIP2-5_20,2,m,5,rock,turtle,alligator,turtle,f,move,verbal,not,comfort,"asking ""are you okay?""",sting,lamb,cow,cow,n,move,verbal,not,comfort ,hug,slide,walrus,frog,walrus,f,move,verbal,not,comfort,"hug and asking ""are you okay""",sand,horse,pig,horse,f,move,verbal,not,comfort,"""big hug""",tree,snail,turtle,snail,f,move,verbal,not,comfort,hug,bars,chicken,pelican,chicken,f,move,verbal,not,comfort,"asking ""are you okay?"" and gives him a ""secret whisper""",
FLIP2-5_21,2,m,5,sting,lamb,cow,cow,n,move,verbal,specific,goal,"""flying him home and blowing air on him""",sand,horse,pig,pig ,n,move,verbal,specific,goal,"""she slingshots her back to her house""",rock,turtle,alligator,turtle,f,move,verbal,not,goal,"""fixed his leg and swam him home""",bars,pelican,chicken,chicken,n,move,verbal,not,none,"""gonna fly up to the monkey bars""",slide,frog,walrus,frog,f,move,verbal,not,comfort,"""hugging and kissing""",tree,snail,turtle,turtle,n,move,verbal,not,goal,"""hes gonna swim the turtle home""",
FLIP2-5_22,2,m,5,sand,cow,lamb,lamb,n,move,verbal,not,comfort,"""helping Lamby feel better""",sting,pig,horse,pig,f,move,verbal,not,comfort,"""helping the pig feel better""",bars,alligator,turtle,alligator,f,move,verbal,not,comfort,"""helping the crocodile feel better""",rock,chicken,pelican,chicken,f,move,verbal,not,comfort,"""helping the chicken feel better""",tree,walrus,frog,walrus,f,move,verbal,not,comfort,"""helping him feel better""",slide,turtle,snail,snail,n,move,verbal,not,comfort,"""the octopus is helping the snail feel better""",
FLIP2-5_23,2,m,5,sand,horse,pig,pig,n,move,verbal,not,goal,"""put Piggy on the bench so he can rest""",bars,pelican,chicken,chicken,n,move,verbal,not,comfort,"asking ""are you okay?""",sting,lamb,cow,lamb,f,move,verbal,not,goal,"""Hootie went over to see if Lamby was okay""",tree,turtle,snail,snail,n,move,verbal,not,goal,"""took him to a hospital in the tree""",rock,alligator,turtle,turtle,n,move,verbal,not,comfort,"""asking are you okay?""",slide,frog,walrus,walrus,n,move,verbal,not,comfort,"asking ""are you okay?""",
FLIP2-5_24,2,f,5,sand,lamb,cow,lamb,f,move,verbal,not,comfort ,"asking ""are you okay?""",sting,horse,pig,horse,f,move,verbal,not,none,"""hes feeling better""",bars,turtle,alligator,turtle,f,move,verbal,not ,goal,"""she says I'll fix your shell""",rock,pelican,chicken,pelican,f,move,verbal,not,none,"""she's all better""",tree,frog,walrus,frog,f,move,verbal,not,none,"""hes all better""",slide,snail,turtle,turtle ,n,move,verbal,not,goal,bandaid,
FLIP2-5_25,2,m,5,tree,turtle,snail,snail,n,move,verbal,not,none,"""helping the snail""",slide,walrus,frog,frog,n,move,verbal,not,none,"""helping the frog""",bars,pelican,chicken,pelican,f,move,verbal,not,none,"""Penny is helping Pelly""",rock,turtle,alligator,alligator,n,move,verbal,not,none,"""helping Ally""",sand,pig,horse,horse,n,move,verbal,not,none,"""helping Trotter""",sting,cow,lamb,cow,f,move,verbal,not,none,"""helping Buttermilk""",
FLIP2-5_26,2,f,5,bars,chicken,pelican,pelican,n,move,verbal,not,none,"""helping him""",tree,snail,turtle ,snail,f,move,verbal,not,none,"""Inky is helping Shelly""",sand,pig,horse,horse,n,move,verbal,not,none,"""helping""",slide,frog,walrus,frog,f,move,verbal,not,none,"""helping""",rock,lamb,cow,lamb,f,move,verbal,not,none,"""helping""",rock,turtle,alligator,alligator,n,move,verbal,not,none,"""helping""",
FLIP2-5_27,2,f,5,slide,frog,walrus,frog,f,move,verbal,not,none,"""helping""",rock,alligator,turtle ,turtle,n,move,verbal,not,none,"""helping""",tree,snail,turtle,turtle,n,move,verbal,not,none,"""helping""",sting,cow,lamb,cow,f,move,verbal,not,none,"""helping""",bars,pelican,chicken,pelican,f,move,verbal,not,none,"""helping""",sand,horse,pig,horse,f,move,verbal,not,none,"""helping""",
FLIP2-5_28,2,f,5,rock,alligator,turtle ,turtle ,n,move,verbal,not,goal,bandaid,sting,cow,lamb,lamb,n,move,verbal,not,none,"""helping""",slide,frog,walrus,walrus,n,move,verbal,not,goal,bandaid,sand,pig,horse,pig,f,move,verbal,not,goal,bandages ,tree,turtle,snail,snail,n,move,verbal,not,goal,bandaid ,bars,pelican,chicken,pelican,f,move,verbal,not,comfort,"""kissing him""",
FLIP2-5_29,2,m,5,tree,turtle,snail,turtle,f,move,verbal,not,none,"""helped""",slide,walrus,frog,frog,n,move,verbal,not,none,"""helped""",bars,pelican,chicken,pelican,f,move,verbal,not,comfort,"""he helped and made him all happy""",rock,turtle,alligator,alligator,n,move,verbal,not,none,"""helping""",sand,pig,horse,pig,f,move,verbal,not,none,"""Froggy helps Piggy""",sting,cow,lamb,cow,f,move,verbal,not,none,"""he helped cow""",
FLIP2-5_30,2,m,5,tree,turtle,snail,turtle,f,move,verbal,not,comfort,"""the turtle is feeling better""",slide,walrus,frog,walrus,f,move,verbal,not,comfort,"""he helped him feel better""",bars,pelican,chicken,pelican,f,move,verbal,not,goal,"""penny got him up""",rock,turtle,alligator,alligator,n,move,verbal,not,goal,"""Ducky picked the alligator back up""",sand,pig,horse,pig,f,move,verbal,not,goal ,"""he got him up""",sting,cow,lamb,cow,f,move,verbal,not,goal,"""hes lifting him up""",
FLIP2-5_31,2,f,5,sand,pig,horse ,horse,n,move,verbal,not,comfort,"""making Horsey feel better""",bars,chicken,pelican,chicken,f,move,verbal,not,comfort,"""asking are you okay and making the chicken feel better""",sting,cow,lamb,lamb,n,move,verbal,not,comfort,"""hootie is coming over to make him feel better""",tree,snail,turtle,turtle,n,move,verbal,not,comfort,asks are you okay?,rock,turtle,alligator,turtle,f,move,verbal,not,comfort,asks are you okay?,slide,walrus,frog,walrus,f,move,verbal,not,comfort,asking are you okay?,
FLIP2-5_32,2,m,5,rock,turtle,alligator,turtle,f,move,verbal,not,none,"""helping""",rock,lamb,cow,cow,n,move,verbal,not,comfort,asks are you okay?,slide,walrus,frog,frog,n,move,verbal,not,goal,taking the hurt animal to the doctor,sand,horse,pig,pig,n,move,verbal,not,none,"""he has to help him because he lives in mud""",tree,snail,turtle,snail,f,move,verbal,not,goal,"""that one because he's slower and can't move""",bars,chicken,pelican,chicken,f,move,verbal,not,goal,"""he picks him up and puts him on the monkey bars""",
FLIP2-6_01,2,m,6,tree,frog,walrus,frog,f,move,verbal,not,none,"""hes gonna help him because he can regenerate""",bars,alligator,alligator,alligator,f,move,verbal,not,goal,"""Ducky shows them how to do the monkey bars right""",slide,snail,turtle,snail,f,move,verbal,not,goal,Hes gonna show them how to go down the slide,sand,cow,lamb,lamb,n,move,verbal,not,none,"""He helps""",rock,pelican,chicken,pelican,f,move,verbal,not,goal,icepack,sting,horse,pig,horse,f,move,verbal,not,goal,"""He tells him not to eat honey when he sees a bee""",
FLIP2-6_02,2,m,6,slide,walrus,frog,frog,n,move,verbal,not,none,"""Hes trying to help him""",rock,turtle,alligator,alligator,n,move,verbal,not,none,"""Hes trying to help him""",tree,turtle,snail,snail,n,move,verbal,not,none,"""He helped him""",sting,lamb,cow,cow,n,move,verbal,not,none,"""He got stung by a bee and now hes helping him""",bars,chicken,pelican,pelican,n,move,verbal,not,none,"""He was trying to help him""",sand,pig,horse,pig,f,move,verbal,not,none,"""Froggy is helping Piggy""",
FLIP2-6-03,2,m,6,tree,turtle,snail,turtle,f,act,verbal,not,goal,Bandaid,slide,walrus,frog,walrus,f,act,verbal,not,goal,"""They go home and drink hot tea""",bars,pelican,chicken,pelican,f,move,act,not,comfort,"Asks ""are you okay?"" and ""where are the colors I see?""",rock,turtle,alligator,turtle,f,act,verbal,not,goal,"""He flips him up and they do a handshake""",sand,pig,horse,pig,f,act,verbal,not,goal,"Asks ""are you okay?"" and shows him how to walk without tripping",sting,cow,lamb,cow,f,act,verbal,not,comfort,"""He helps and they do a fistbump""",
FLIP2-6-04,2,m,6,slide,snail,turtle,turtle,n,move,verbal,not,none,"""He's helping the turtle""",tree,frog,walrus,frog,f,move,verbal,not,none,"""The duck is helping the frog""",rock,chicken,pelican,chicken,f,move,verbal,not,none,"""The penguin is helping the chicken""",bars,alligator,turtle,turtle,n,move,verbal,not,none,"""The duck is helping the turtle""",sting,horse,pig,pig,n,move,verbal,not,none,"""The frog is helping the pig""",,lamb,cow,cow,n,move,verbal,not,none,"""The pig is helping""",
FLIP2-6-05,2,f,6,sting,cow,lamb,cow,f,move,verbal,not,none,"""Shes helping the lamb""",sand,pig,horse,pig,f,move,verbal,not,none,"""Helping Piggy""",rock,alligator,turtle,alligator,f,move,verbal,not,comfort ,"""Helping her feel better""",,chicken,pelican,chicken,f,act,verbal,not,none,"Asks ""are you okay?""",slide,walrus,frog,walrus,f,move,verbal,not,none,"""Shes helping the walrus""",tree,turtle,snail,turtle,f,move,verbal,not,none,"""Shes helping Shelly""",
FLIP2-6-07,2,m,6,sand,cow,lamb,cow,f,move,verbal,not,none,"""Hes coming over to help Buttermilk""",sting,pig,horse,horse,n,move,verbal,not,none,"""Piggy is going over to help Trotter""",bars,alligator,turtle ,turtle ,n,move,verbal,not,none,"""Ducky is going to help Sheldon""",rock,chicken,pelican,pelican,f,move,verbal,not,none ,"""She is going to help""",tree,walrus,frog,walrus,f,move,verbal,not,goal,"""Hes going to help""",slide,turtle,snail,turtle,f,move,verbal,not,none,"""Inky is gonna help Flash""",
FLIP2-6-06,2,m,6,sting,lamb,cow,cow,n,move,verbal,not,none,"""Hes helping the cow""",sand,horse,pig,horse,f,move,verbal,not,none,"""Hes helping him""",rock,turtle,alligator,turtle ,f,move,verbal,not,none,"""Hes helping the turtle""",bars,pelican,chicken,pelican,f,move,verbal,not,none ,"""Hes helping the pelican""",slide,turtle,walrus,turtle,f,move,verbal,not,none,"""Hes helping the frog""",tree,snail,turtle,snail,f,move,verbal,not,none,"""Hes helping the snail""",
FLIP2-6-08,2,f,6,rock,horse,pig,horse,f,move,verbal,not,comfort,"asking ""are you okay?""",rock,pelican,chicken,chicken,n,move,verbal,not,comfort,asks are you okay?,sand,lamb,cow,lamb,f,move,verbal,specific,comfort,"asking ""are you okay?"" and calling his Mom to pick him up",slide,turtle,snail,snail,n,move,verbal,specific,goal,"""let me go get your Mom""",bars,alligator,turtle,alligator,f,move,verbal,specific,goal,"""let's go to your Mom""",tree,frog,walrus,walrus,n,move,verbal,not,none,"""Lets go to the dentist""",
FLIP2-6-09,2,f,6,rock,pelican,chicken,chicken,n,move,verbal,not,none,"""helping""",slide,turtle,snail,snail,n,move,verbal,not,none,"""helping""",sting,horse,pig,pig,n,move,verbal,not,none,"""helping""",tree,walrus,frog,walrus,f,move,verbal,not,none,"""helping""",sand,cow,lamb,cow,f,move,verbal,not,none,"""helping""",bars,alligator,turtle,turtle,n,move,verbal,not,none,"""helping""",
FLIP2-6-10,2,f,6,tree,walrus,frog,frog,n,move,verbal,not,none,"""helping""",bars,turtle,alligator,turtle,f,move,none,not,none,no verbal response,slide,turtle,snail,snail,n,move,none,not,none,no verbal response,sand,lamb,cow,cow,n,move,none,not,none,none,rock,chicken,pelican,chicken,f,move,none,not,none,none,rock,pig,horse,pig,f,move,none,not,none,none,
FLIP2-6-11,2,m,6,rock,turtle,alligator,turtle,f,move,verbal,not,goal,bandaid,sting,lamb,cow,cow,n,move,verbal,not,goal,bandaid,slide,walrus,frog,walrus,f,move,verbal,not,goal,bandaid,sand,horse,pig,pig,n,move,verbal,not,goal,bandaid,tree,snail,turtle,snail,f,move,verbal,not,goal,"gurney, bandaid, clipper (for splinter)",bars,chicken,pelican,pelican,n,move,verbal,not,goal,bandaid,
FLIP2-6-12,2,m,6,rock,chicken,pelican,chicken,f,move,verbal,not,none,"""helping""",slide,snail,turtle ,snail,f,move,verbal,not,comfort,"""helping Shelly feel better""",sting,pig,horse,pig,f,move,verbal,not,comfort,"""helping Piggy feel better""",tree,frog,walrus,frog,f,move,verbal,not,comfort,"""helping Dottie feel better""",sand,lamb,cow,lamb,f,move,verbal,not,comfort,"""helping Lamby feel better""",bars,turtle,alligator,alligator,n,move,verbal,not,comfort,"""helping him feel better""",
FLIP2-6-13,2,m,6,sand,horse,pig,horse,f,move,verbal,not,none,"""froggy helps""",bars,pelican,chicken,pelican,f,move,verbal,not,none,"""helping""",sting,lamb,cow,lamb,f,move,verbal,not,none,"""they helped him""",tree,turtle,snail,turtle,f,move,none,not,none,no verbal story,rock,alligator,turtle,alligator,f,move,verbal,not,none,"""I don't know""",slide,frog,walrus,frog,f,move,verbal,not,none,"""I don't know""",
FLIP2-6-14,2,m,6,bars,pelican,chicken,pelican,f,move,verbal,not,none,"""help Pelly""",tree,turtle,snail,turtle,f,move,verbal,not,none,"""he's going to help""",sand,horse,pig,horse,f,move,verbal,not,none,"""Froggy's gonna help""",slide,walrus,frog,walrus,f,move,verbal,not,none,"""he's gonna help""",sting,cow,lamb,cow,f,move,verbal,not,none,"""gonna help""",rock,alligator,turtle,alligator,f,move,verbal,not,comfort,"""gonna help Ally feel better""",
FLIP2-6-15,2,m,6,bars,alligator,turtle,alligator,f,move,verbal,not,none,"""helping""",sand,cow,lamb,cow,f,move,verbal,not,none,"""helping""",tree,frog,walrus,frog,f,move,,,,,,,,,,,,,,,,,,,,,,,,,,,,,,,,,,,